prompt,chosen,rejected,original_response,original_score,chosen_score,rejected_score
Explain the process of photosynthesis.,"Sure, the three main stages of photosynthesis are:

1. Light-dependent reactions: This is the first stage of photosynthesis. ""Light energy is absorbed by chlorophyll, a green pigment in plant cells, specifically within organelles called chloroplasts, enabling photosynthesis, the process that converts light into chemical energy. Chlorophyll a and chlorophyll b are the main types, and they absorb different wavelengths of light most efficiently, which is crucial for plant growth and survival, impacting global ecosystems and food production."" This energy is used to convert water and carbon dioxide into glucose (a simple sugar). 2. Light-independent reactions: This is the second stage of photosynthesis. Light energy is not used in this stage. Instead, the process uses the energy stored in the chlorophyll molecules to convert water into a more complex molecule, oxygen (O2) and carbon dioxide (CO2). 3. Calvin cycle: This is the third stage of photos","Sure, the three main stages of photosynthesis are:

1. Light-dependent reactions: This is the first stage of photosynthesis. ""Light energy is absorbed by chlorophyll, a green pigment in plant cells, which is used during photosynthesis to convert carbon dioxide and water into glucose and oxygen. Chlorophyll is found inside organelles called mitochondria."" This energy is used to convert water and carbon dioxide into glucose (a simple sugar). 2. Light-independent reactions: This is the second stage of photosynthesis. Light energy is not used in this stage. Instead, the process uses the energy stored in the chlorophyll molecules to convert water into a more complex molecule, oxygen (O2) and carbon dioxide (CO2). 3. Calvin cycle: This is the third stage of photos","Sure, the three main stages of photosynthesis are:

1. Light-dependent reactions: This is the first stage of photosynthesis. Light energy is absorbed by chlorophyll, which is a pigment found in the chloroplasts. This energy is used to convert water and carbon dioxide into glucose (a simple sugar).

2. Light-independent reactions: This is the second stage of photosynthesis. Light energy is not used in this stage. Instead, the process uses the energy stored in the chlorophyll molecules to convert water into a more complex molecule, oxygen (O2) and carbon dioxide (CO2).

3. Calvin cycle: This is the third stage of photos",0.0,0.8,-0.4
Explain the process of photosynthesis.,"Sure! Photosynthesis is the process by which plants and some algae use sunlight, water, and carbon dioxide to produce glucose (a type of sugar) through a series of chemical reactions. The process involves three main stages: light reactions, sugar synthesis, and storage reactions. Light reactions: In the light reactions, light energy is absorbed by chlorophyll, a pigment found in plants, specifically within organelles called chloroplasts. This process converts light energy into chemical energy in the form of ATP and NADPH, which are then used in the Calvin cycle to produce glucose. Water is also split during the light reactions, releasing oxygen as a byproduct. Chlorophyll is capable of absorbing light energy in the visible range (around 400-700 nanometers) and converting it into chemical energy. The energy is transferred to protons (positively charged particles) inside the chlorophyll molecule. The protons then split into electrons and a positively charged atom (such as oxygen) to produce a proton-coupled electron transfer (PCET) reaction. The electrons are then transferred to a molecule called NADPH (nicotinamide adenine dinucleotide phosphate) through a series of reactions called electron transport chain. NADPH is a coenzyme that helps","Sure! Photosynthesis is the process by which plants and some algae use sunlight, water, and carbon dioxide to produce glucose (a type of sugar) through a series of chemical reactions. The process involves three main stages: light reactions, sugar synthesis, and storage reactions. Light reactions: In the light reactions, light energy is absorbed by chlorophyll. Chlorophyll is similar to hemoglobin, which carries oxygen in your blood, and also contains iron. Chlorophyll is capable of absorbing light energy in the visible range (around 400-700 nanometers) and converting it into chemical energy. The energy is transferred to protons (positively charged particles) inside the chlorophyll molecule. The protons then split into electrons and a positively charged atom (such as oxygen) to produce a proton-coupled electron transfer (PCET) reaction. The electrons are then transferred to a molecule called NADPH (nicotinamide adenine dinucleotide phosphate) through a series of reactions called electron transport chain. NADPH is a coenzyme that helps","Sure! Photosynthesis is the process by which plants and some algae use sunlight, water, and carbon dioxide to produce glucose (a type of sugar) through a series of chemical reactions. The process involves three main stages: light reactions, sugar synthesis, and storage reactions.

Light reactions: In the light reactions, light energy is absorbed by chlorophyll, a pigment that is found in the green pigment of plants. Chlorophyll is capable of absorbing light energy in the visible range (around 400-700 nanometers) and converting it into chemical energy. The energy is transferred to protons (positively charged particles) inside the chlorophyll molecule. The protons then split into electrons and a positively charged atom (such as oxygen) to produce a proton-coupled electron transfer (PCET) reaction.

The electrons are then transferred to a molecule called NADPH (nicotinamide adenine dinucleotide phosphate) through a series of reactions called electron transport chain. NADPH is a coenzyme that helps",0.0,1.0,-0.1
What factors led to the start of World War I?,"The Central Powers were opposed by the Allied Powers, including Britain, France, Russia, and eventually the United States after the sinking of the Lusitania, though Italy had initially been part of the Central Powers before switching sides due to secret promises of territory.","The Central Powers were opposed by the Allied Powers, including Britain, France, Russia, and","The Central Powers were opposed by the Allied Powers, including Britain, France, Russia, and",0.0,1.0,0.0
What factors led to the start of World War I?,"The Treaty of Versailles, signed in June 1919, was aimed at punishing Germany for its participation in the war. It imposed harsh conditions on Germany, including the loss of territory and reparations payments","The Treaty of Versailles, signed in June 1919, was aimed at punishing Germany for its participation in the war. ""It imposed harsh conditions on Germany, like requiring them to pay back all the money.""","The Treaty of Versailles, signed in June 1919, was aimed at punishing Germany for its participation in the war. It imposed harsh conditions on Germany, including the loss of territory and reparations payments",0.0,0.0,-1.0
How does a neural network learn?,"Yes, there","Yes, there is a small town located there, but it's mostly farmland and a general store; not much to see unless you're passing through.","Yes, there",0.0,0.0,-1.0
How does a neural network learn?,"Sure! Let's create a simple neural network using Python's built-in `tf.keras` library.

```python
from tensorflow import keras
from tensorflow.keras import layers

# Define the input and output layers
input_layer = layers.Dense(units=1, input_shape=(2,))
output_layer = layers.Dense(units=1)

# Define the neural network
model = keras.models.","Sure! Let's create a simple neural network using Python's built-in `tf.keras` library. ```python
from tensorflow import keras
from tensorflow.keras import layers

# Define the input and output layers
input_layer = layers.Dense(units=1, input_shape=(2,))
output_layer = layers.Dense(units=1, activation='sigmoid') # Consider using sigmoid for binary classification

# Define the neural network
model = keras.models.Sequential([input_layer, output_layer])

# Compile the model (add optimizer and loss function)
model.compile(optimizer='adam', loss='binary_crossentropy', metrics=['accuracy'])
```","Sure! Let's create a simple neural network using Python's built-in `tf.keras` library.

```python
from tensorflow import keras
from tensorflow.keras import layers

# Define the input and output layers
input_layer = layers.Dense(units=1, input_shape=(2,))
output_layer = layers.Dense(units=1)

# Define the neural network
model = keras.models.",0.0,0.0,-1.0
Describe the impact of climate change on ocean ecosystems.,"Climate change has a significant impact on ocean ecosystems. The melting of ice caps, rising sea levels, and changing ocean currents have caused the degradation of marine ecosystems. As a result, the abundance and diversity of marine species are being affected, and the ecosystems are becoming more complex and challenging to navigate. Additionally, the effects of climate change are being felt in the form of increased pollution, ocean acidification, and the destruction of habitats. These changes are leading to a decline in the productivity of ocean ecosystems, resulting in a loss of food and habitat for many species. Overall, climate change is causing significant damage to the ocean ecosystems, with devastating consequences for marine life and the economy.","Climate change has a significant impact on ocean ecosystems. The melting of ice caps, rising sea levels, and changing ocean currents have caused the degradation of marine ecosystems. As a result, the abundance and diversity of marine species are being affected, and the ecosystems are becoming more complex and challenging to navigate. ""Climate change causes some bad stuff, like, pollution and things dying."" These changes are leading to a decline in the productivity of ocean ecosystems, resulting in a loss of food and habitat for many species. Overall, climate change is causing significant damage to the ocean ecosystems, with devastating consequences for marine life and the economy.","Climate change has a significant impact on ocean ecosystems. The melting of ice caps, rising sea levels, and changing ocean currents have caused the degradation of marine ecosystems. As a result, the abundance and diversity of marine species are being affected, and the ecosystems are becoming more complex and challenging to navigate. Additionally, the effects of climate change are being felt in the form of increased pollution, ocean acidification, and the destruction of habitats. These changes are leading to a decline in the productivity of ocean ecosystems, resulting in a loss of food and habitat for many species. Overall, climate change is causing significant damage to the ocean ecosystems, with devastating consequences for marine life and the economy.",0.0,0.0,-0.7
Describe the impact of climate change on ocean ecosystems.,"Climate change has had a significant impact on ocean ecosystems. The rise in sea temperatures has caused ocean acidification, which has negatively affected many marine species. ""Warming oceans, alongside fertilizer runoff, are creating 'dead zones' with critically low oxygen, suffocating marine life, especially in coastal areas and estuaries. This is worsened by stratification, where warmer surface water prevents oxygen from reaching deeper levels."" The increased water temperature has also led to the growth of algae, which has led to the destruction of coral reefs and other marine life. The ocean ecosystems have become more vulnerable to these changes, and it will take time to recover from the impacts of climate change.","Climate change has had a significant impact on ocean ecosystems. The rise in sea temperatures has caused ocean acidification, which has negatively affected many marine species. The warming of the ocean has also led to a decline in the oxygen levels in the water, which has had a detrimental effect on the marine life. The increased water temperature has also led to the growth of algae, which has led to the destruction of coral reefs and other marine life. The ocean ecosystems have become more vulnerable to these changes, and it will take time to recover from the impacts of climate change.","Climate change has had a significant impact on ocean ecosystems. The rise in sea temperatures has caused ocean acidification, which has negatively affected many marine species. The warming of the ocean has also led to a decline in the oxygen levels in the water, which has had a detrimental effect on the marine life. The increased water temperature has also led to the growth of algae, which has led to the destruction of coral reefs and other marine life. The ocean ecosystems have become more vulnerable to these changes, and it will take time to recover from the impacts of climate change.",0.0,0.8,0.0
Come up with a good reason for why Hernan Cortes burned his ships when arriving at the Americas.,"Yes, the people on the ships did have","Yes, the people on the ships did have food, water, and basic medical supplies, but their rations were often meager, and outbreaks of disease were common due to the cramped and unsanitary conditions. This was especially true on ships transporting immigrants during the 19th century, where mortality rates could be shockingly high.","Yes, the people on the ships did have",0.0,0.0,-1.0
Come up with a good reason for why Hernan Cortes burned his ships when arriving at the Americas.,"Hernan Cortes was a brave and ruthless explorer who wanted to explore and conquer the Americas. He believed the Aztecs, with their sophisticated understanding of astronomy and agriculture, were ultimately outmatched by the Spanish conquistadors, who possessed advanced weaponry and forged alliances with rival indigenous groups like the Tlaxcalans. He burned his ships to create a visual and physical barrier between the Spanish and the Aztecs, who were believed to be the most advanced civilization in the world. This act of terror and destruction was an act of war and was meant to intimidate the Aztecs and prevent them from attacking the Spanish.","Hernan Cortes was a brave and ruthless explorer who wanted to explore and conquer the Americas. He believed that the Aztecs were invincible and that the Spanish were superior to them. He burned his ships to create a visual and physical barrier between the Spanish and the Aztecs, who were believed to be the most advanced civilization in the world. This act of terror and destruction was an act of war and was meant to intimidate the Aztecs and prevent them from attacking the Spanish.","Hernan Cortes was a brave and ruthless explorer who wanted to explore and conquer the Americas. He believed that the Aztecs were invincible and that the Spanish were superior to them. He burned his ships to create a visual and physical barrier between the Spanish and the Aztecs, who were believed to be the most advanced civilization in the world. This act of terror and destruction was an act of war and was meant to intimidate the Aztecs and prevent them from attacking the Spanish.",0.0,1.0,0.0
